timestamp,date,location,job_count
20130513011407,2013-05-13 01:14:07,East Midlands,11
20130513011407,2013-05-13 01:14:07,East of England,7
20130513011407,2013-05-13 01:14:07,Greater London,256
20130513011407,2013-05-13 01:14:07,North East England,4
20130513011407,2013-05-13 01:14:07,North West England,20
20130513011407,2013-05-13 01:14:07,Scotland,20
20130513011407,2013-05-13 01:14:07,South East England,97
20130513011407,2013-05-13 01:14:07,South West England,31
20130513011407,2013-05-13 01:14:07,Wales,2
20130513011407,2013-05-13 01:14:07,West Midlands,34
20130513011407,2013-05-13 01:14:07,Yorkshire and Humber,7
20130513011407,2013-05-13 01:14:07,Republic of Ireland,12
20130513011407,2013-05-13 01:14:07,Europe,27
20130513011407,2013-05-13 01:14:07,Africa,2
20130513011407,2013-05-13 01:14:07,Australasia,3
20130513011407,2013-05-13 01:14:07,Asia,60
20130513011407,2013-05-13 01:14:07,North America,4
20130513011407,2013-05-13 01:14:07,Caribbean,6
20130701143512,2013-07-01 14:35:12,East Midlands,7
20130701143512,2013-07-01 14:35:12,East of England,6
20130701143512,2013-07-01 14:35:12,Greater London,285
20130701143512,2013-07-01 14:35:12,North East England,2
20130701143512,2013-07-01 14:35:12,North West England,10
20130701143512,2013-07-01 14:35:12,Northern Ireland,1
20130701143512,2013-07-01 14:35:12,Scotland,24
20130701143512,2013-07-01 14:35:12,South East England,89
20130701143512,2013-07-01 14:35:12,South West England,22
20130701143512,2013-07-01 14:35:12,Wales,14
20130701143512,2013-07-01 14:35:12,West Midlands,19
20130701143512,2013-07-01 14:35:12,Yorkshire and Humber,6
20130701143512,2013-07-01 14:35:12,Republic of Ireland,20
20130701143512,2013-07-01 14:35:12,Europe,25
20130701143512,2013-07-01 14:35:12,Africa,2
20130701143512,2013-07-01 14:35:12,Asia,32
20130701143512,2013-07-01 14:35:12,North America,4
20130701143512,2013-07-01 14:35:12,Caribbean,4
20130702221354,2013-07-02 22:13:54,East Midlands,7
20130702221354,2013-07-02 22:13:54,East of England,6
20130702221354,2013-07-02 22:13:54,Greater London,293
20130702221354,2013-07-02 22:13:54,North East England,2
20130702221354,2013-07-02 22:13:54,North West England,10
20130702221354,2013-07-02 22:13:54,Northern Ireland,1
20130702221354,2013-07-02 22:13:54,Scotland,24
20130702221354,2013-07-02 22:13:54,South East England,98
20130702221354,2013-07-02 22:13:54,South West England,24
20130702221354,2013-07-02 22:13:54,Wales,15
20130702221354,2013-07-02 22:13:54,West Midlands,19
20130702221354,2013-07-02 22:13:54,Yorkshire and Humber,6
20130702221354,2013-07-02 22:13:54,Republic of Ireland,20
20130702221354,2013-07-02 22:13:54,Europe,25
20130702221354,2013-07-02 22:13:54,Africa,2
20130702221354,2013-07-02 22:13:54,Asia,38
20130702221354,2013-07-02 22:13:54,North America,4
20130702221354,2013-07-02 22:13:54,Caribbean,5
20130712221701,2013-07-12 22:17:01,East Midlands,7
20130712221701,2013-07-12 22:17:01,East of England,9
20130712221701,2013-07-12 22:17:01,Greater London,338
20130712221701,2013-07-12 22:17:01,North East England,2
20130712221701,2013-07-12 22:17:01,North West England,20
20130712221701,2013-07-12 22:17:01,Northern Ireland,1
20130712221701,2013-07-12 22:17:01,Scotland,32
20130712221701,2013-07-12 22:17:01,South East England,133
20130712221701,2013-07-12 22:17:01,South West England,44
20130712221701,2013-07-12 22:17:01,Wales,14
20130712221701,2013-07-12 22:17:01,West Midlands,32
20130712221701,2013-07-12 22:17:01,Yorkshire and Humber,6
20130712221701,2013-07-12 22:17:01,Channel Islands & Isle of Man,3
20130712221701,2013-07-12 22:17:01,Republic of Ireland,8
20130712221701,2013-07-12 22:17:01,Europe,26
20130712221701,2013-07-12 22:17:01,Asia,32
20130712221701,2013-07-12 22:17:01,North America,5
20130712221701,2013-07-12 22:17:01,Caribbean,5
20130714003325,2013-07-14 00:33:25,East Midlands,7
20130714003325,2013-07-14 00:33:25,East of England,9
20130714003325,2013-07-14 00:33:25,Greater London,332
20130714003325,2013-07-14 00:33:25,North East England,2
20130714003325,2013-07-14 00:33:25,North West England,20
20130714003325,2013-07-14 00:33:25,Northern Ireland,1
20130714003325,2013-07-14 00:33:25,Scotland,31
20130714003325,2013-07-14 00:33:25,South East England,129
20130714003325,2013-07-14 00:33:25,South West England,44
20130714003325,2013-07-14 00:33:25,Wales,14
20130714003325,2013-07-14 00:33:25,West Midlands,33
20130714003325,2013-07-14 00:33:25,Yorkshire and Humber,6
20130714003325,2013-07-14 00:33:25,Channel Islands & Isle of Man,3
20130714003325,2013-07-14 00:33:25,Republic of Ireland,7
20130714003325,2013-07-14 00:33:25,Europe,25
20130714003325,2013-07-14 00:33:25,Asia,32
20130714003325,2013-07-14 00:33:25,North America,5
20130714003325,2013-07-14 00:33:25,Caribbean,5
20130806132629,2013-08-06 13:26:29,East Midlands,5
20130806132629,2013-08-06 13:26:29,East of England,8
20130806132629,2013-08-06 13:26:29,Greater London,278
20130806132629,2013-08-06 13:26:29,North East England,2
20130806132629,2013-08-06 13:26:29,North West England,26
20130806132629,2013-08-06 13:26:29,Northern Ireland,1
20130806132629,2013-08-06 13:26:29,Scotland,18
20130806132629,2013-08-06 13:26:29,South East England,95
20130806132629,2013-08-06 13:26:29,South West England,43
20130806132629,2013-08-06 13:26:29,Wales,1
20130806132629,2013-08-06 13:26:29,West Midlands,44
20130806132629,2013-08-06 13:26:29,Yorkshire and Humber,6
20130806132629,2013-08-06 13:26:29,Channel Islands & Isle of Man,3
20130806132629,2013-08-06 13:26:29,Republic of Ireland,15
20130806132629,2013-08-06 13:26:29,Europe,34
20130806132629,2013-08-06 13:26:29,Asia,31
20130806132629,2013-08-06 13:26:29,North America,4
20130806132629,2013-08-06 13:26:29,Caribbean,2
20130912123946,2013-09-12 12:39:46,East Midlands,9
20130912123946,2013-09-12 12:39:46,East of England,8
20130912123946,2013-09-12 12:39:46,Greater London,239
20130912123946,2013-09-12 12:39:46,North East England,5
20130912123946,2013-09-12 12:39:46,North West England,26
20130912123946,2013-09-12 12:39:46,Northern Ireland,1
20130912123946,2013-09-12 12:39:46,Scotland,18
20130912123946,2013-09-12 12:39:46,South East England,102
20130912123946,2013-09-12 12:39:46,South West England,57
20130912123946,2013-09-12 12:39:46,Wales,3
20130912123946,2013-09-12 12:39:46,West Midlands,17
20130912123946,2013-09-12 12:39:46,Yorkshire and Humber,12
20130912123946,2013-09-12 12:39:46,Channel Islands & Isle of Man,5
20130912123946,2013-09-12 12:39:46,Republic of Ireland,12
20130912123946,2013-09-12 12:39:46,Europe,20
20130912123946,2013-09-12 12:39:46,Australasia,5
20130912123946,2013-09-12 12:39:46,Asia,76
20130912123946,2013-09-12 12:39:46,North America,4
20130927210457,2013-09-27 21:04:57,East Midlands,6
20130927210457,2013-09-27 21:04:57,East of England,8
20130927210457,2013-09-27 21:04:57,Greater London,247
20130927210457,2013-09-27 21:04:57,North East England,5
20130927210457,2013-09-27 21:04:57,North West England,29
20130927210457,2013-09-27 21:04:57,Northern Ireland,4
20130927210457,2013-09-27 21:04:57,Scotland,23
20130927210457,2013-09-27 21:04:57,South East England,96
20130927210457,2013-09-27 21:04:57,South West England,59
20130927210457,2013-09-27 21:04:57,Wales,2
20130927210457,2013-09-27 21:04:57,West Midlands,15
20130927210457,2013-09-27 21:04:57,Yorkshire and Humber,16
20130927210457,2013-09-27 21:04:57,Channel Islands & Isle of Man,10
20130927210457,2013-09-27 21:04:57,Republic of Ireland,12
20130927210457,2013-09-27 21:04:57,Europe,25
20130927210457,2013-09-27 21:04:57,Australasia,3
20130927210457,2013-09-27 21:04:57,Asia,81
20130927210457,2013-09-27 21:04:57,North America,4
20131112054849,2013-11-12 05:48:49,East Midlands,6
20131112054849,2013-11-12 05:48:49,East of England,4
20131112054849,2013-11-12 05:48:49,Greater London,258
20131112054849,2013-11-12 05:48:49,North East England,3
20131112054849,2013-11-12 05:48:49,North West England,17
20131112054849,2013-11-12 05:48:49,Northern Ireland,1
20131112054849,2013-11-12 05:48:49,Scotland,17
20131112054849,2013-11-12 05:48:49,South East England,95
20131112054849,2013-11-12 05:48:49,South West England,31
20131112054849,2013-11-12 05:48:49,Wales,2
20131112054849,2013-11-12 05:48:49,West Midlands,19
20131112054849,2013-11-12 05:48:49,Yorkshire and Humber,8
20131112054849,2013-11-12 05:48:49,Channel Islands & Isle of Man,2
20131112054849,2013-11-12 05:48:49,Republic of Ireland,9
20131112054849,2013-11-12 05:48:49,Europe,18
20131112054849,2013-11-12 05:48:49,Asia & Australasia,40
20131112054849,2013-11-12 05:48:49,North America,5
20131112054849,2013-11-12 05:48:49,Caribbean,3
20131123035836,2013-11-23 03:58:36,East Midlands,6
20131123035836,2013-11-23 03:58:36,East of England,8
20131123035836,2013-11-23 03:58:36,Greater London,357
20131123035836,2013-11-23 03:58:36,North East England,3
20131123035836,2013-11-23 03:58:36,North West England,18
20131123035836,2013-11-23 03:58:36,Northern Ireland,1
20131123035836,2013-11-23 03:58:36,Scotland,20
20131123035836,2013-11-23 03:58:36,South East England,103
20131123035836,2013-11-23 03:58:36,South West England,29
20131123035836,2013-11-23 03:58:36,Wales,2
20131123035836,2013-11-23 03:58:36,West Midlands,32
20131123035836,2013-11-23 03:58:36,Yorkshire and Humber,9
20131123035836,2013-11-23 03:58:36,Republic of Ireland,13
20131123035836,2013-11-23 03:58:36,Europe,26
20131123035836,2013-11-23 03:58:36,Africa,3
20131123035836,2013-11-23 03:58:36,Asia & Australasia,40
20131123035836,2013-11-23 03:58:36,North America,8
20131123035836,2013-11-23 03:58:36,Caribbean,8
20131227184741,2013-12-27 18:47:41,East Midlands,8
20131227184741,2013-12-27 18:47:41,East of England,6
20131227184741,2013-12-27 18:47:41,Greater London,213
20131227184741,2013-12-27 18:47:41,North East England,2
20131227184741,2013-12-27 18:47:41,North West England,22
20131227184741,2013-12-27 18:47:41,Scotland,21
20131227184741,2013-12-27 18:47:41,South East England,49
20131227184741,2013-12-27 18:47:41,South West England,33
20131227184741,2013-12-27 18:47:41,Wales,1
20131227184741,2013-12-27 18:47:41,West Midlands,29
20131227184741,2013-12-27 18:47:41,Yorkshire and Humber,14
20131227184741,2013-12-27 18:47:41,Channel Islands & Isle of Man,1
20131227184741,2013-12-27 18:47:41,Republic of Ireland,9
20131227184741,2013-12-27 18:47:41,Europe,33
20131227184741,2013-12-27 18:47:41,Africa,1
20131227184741,2013-12-27 18:47:41,Asia & Australasia,42
20131227184741,2013-12-27 18:47:41,North America,5
20131227184741,2013-12-27 18:47:41,Caribbean,3
20140112053143,2014-01-12 05:31:43,East Midlands,6
20140112053143,2014-01-12 05:31:43,East of England,8
20140112053143,2014-01-12 05:31:43,Greater London,242
20140112053143,2014-01-12 05:31:43,North East England,3
20140112053143,2014-01-12 05:31:43,North West England,36
20140112053143,2014-01-12 05:31:43,Scotland,23
20140112053143,2014-01-12 05:31:43,South East England,48
20140112053143,2014-01-12 05:31:43,South West England,33
20140112053143,2014-01-12 05:31:43,Wales,1
20140112053143,2014-01-12 05:31:43,West Midlands,28
20140112053143,2014-01-12 05:31:43,Yorkshire and Humber,12
20140112053143,2014-01-12 05:31:43,Channel Islands & Isle of Man,1
20140112053143,2014-01-12 05:31:43,Republic of Ireland,11
20140112053143,2014-01-12 05:31:43,Europe,42
20140112053143,2014-01-12 05:31:43,Africa,3
20140112053143,2014-01-12 05:31:43,Asia & Australasia,45
20140112053143,2014-01-12 05:31:43,North America,9
20140112053143,2014-01-12 05:31:43,Caribbean,4
20140113160854,2014-01-13 16:08:54,East Midlands,6
20140113160854,2014-01-13 16:08:54,East of England,8
20140113160854,2014-01-13 16:08:54,Greater London,236
20140113160854,2014-01-13 16:08:54,North East England,3
20140113160854,2014-01-13 16:08:54,North West England,35
20140113160854,2014-01-13 16:08:54,Scotland,22
20140113160854,2014-01-13 16:08:54,South East England,48
20140113160854,2014-01-13 16:08:54,South West England,33
20140113160854,2014-01-13 16:08:54,Wales,1
20140113160854,2014-01-13 16:08:54,West Midlands,28
20140113160854,2014-01-13 16:08:54,Yorkshire and Humber,12
20140113160854,2014-01-13 16:08:54,Channel Islands & Isle of Man,1
20140113160854,2014-01-13 16:08:54,Republic of Ireland,11
20140113160854,2014-01-13 16:08:54,Europe,41
20140113160854,2014-01-13 16:08:54,Africa,3
20140113160854,2014-01-13 16:08:54,Asia & Australasia,51
20140113160854,2014-01-13 16:08:54,North America,9
20140113160854,2014-01-13 16:08:54,Caribbean,4
20140214021001,2014-02-14 02:10:01,East Midlands,6
20140214021001,2014-02-14 02:10:01,East of England,6
20140214021001,2014-02-14 02:10:01,Greater London,239
20140214021001,2014-02-14 02:10:01,North East England,4
20140214021001,2014-02-14 02:10:01,North West England,26
20140214021001,2014-02-14 02:10:01,Scotland,20
20140214021001,2014-02-14 02:10:01,South East England,84
20140214021001,2014-02-14 02:10:01,South West England,36
20140214021001,2014-02-14 02:10:01,Wales,1
20140214021001,2014-02-14 02:10:01,West Midlands,24
20140214021001,2014-02-14 02:10:01,Yorkshire and Humber,18
20140214021001,2014-02-14 02:10:01,Republic of Ireland,6
20140214021001,2014-02-14 02:10:01,Europe,44
20140214021001,2014-02-14 02:10:01,Africa,2
20140214021001,2014-02-14 02:10:01,Asia & Australasia,56
20140214021001,2014-02-14 02:10:01,North America,7
20140315031049,2014-03-15 03:10:49,East Midlands,7
20140315031049,2014-03-15 03:10:49,East of England,5
20140315031049,2014-03-15 03:10:49,Greater London,229
20140315031049,2014-03-15 03:10:49,North East England,2
20140315031049,2014-03-15 03:10:49,North West England,18
20140315031049,2014-03-15 03:10:49,Northern Ireland,3
20140315031049,2014-03-15 03:10:49,Scotland,18
20140315031049,2014-03-15 03:10:49,South East England,87
20140315031049,2014-03-15 03:10:49,South West England,34
20140315031049,2014-03-15 03:10:49,Wales,2
20140315031049,2014-03-15 03:10:49,West Midlands,14
20140315031049,2014-03-15 03:10:49,Yorkshire and Humber,17
20140315031049,2014-03-15 03:10:49,Republic of Ireland,4
20140315031049,2014-03-15 03:10:49,Europe,42
20140315031049,2014-03-15 03:10:49,Africa,1
20140315031049,2014-03-15 03:10:49,Asia & Australasia,81
20140315031049,2014-03-15 03:10:49,North America,8
20140514165756,2014-05-14 16:57:56,East Midlands,13
20140514165756,2014-05-14 16:57:56,East of England,9
20140514165756,2014-05-14 16:57:56,Greater London,308
20140514165756,2014-05-14 16:57:56,North East England,3
20140514165756,2014-05-14 16:57:56,North West England,23
20140514165756,2014-05-14 16:57:56,Scotland,22
20140514165756,2014-05-14 16:57:56,South East England,73
20140514165756,2014-05-14 16:57:56,South West England,42
20140514165756,2014-05-14 16:57:56,Wales,6
20140514165756,2014-05-14 16:57:56,West Midlands,20
20140514165756,2014-05-14 16:57:56,Yorkshire and Humber,12
20140514165756,2014-05-14 16:57:56,Republic of Ireland,11
20140514165756,2014-05-14 16:57:56,Europe,52
20140514165756,2014-05-14 16:57:56,Africa,1
20140514165756,2014-05-14 16:57:56,Asia & Australasia,59
20140514165756,2014-05-14 16:57:56,North America,7
20140514165756,2014-05-14 16:57:56,Caribbean,1
20140714140106,2014-07-14 14:01:06,East Midlands,9
20140714140106,2014-07-14 14:01:06,East of England,7
20140714140106,2014-07-14 14:01:06,Greater London,298
20140714140106,2014-07-14 14:01:06,North East England,3
20140714140106,2014-07-14 14:01:06,North West England,17
20140714140106,2014-07-14 14:01:06,Northern Ireland,2
20140714140106,2014-07-14 14:01:06,Scotland,41
20140714140106,2014-07-14 14:01:06,South East England,63
20140714140106,2014-07-14 14:01:06,South West England,40
20140714140106,2014-07-14 14:01:06,Wales,2
20140714140106,2014-07-14 14:01:06,West Midlands,14
20140714140106,2014-07-14 14:01:06,Yorkshire and Humber,19
20140714140106,2014-07-14 14:01:06,Republic of Ireland,5
20140714140106,2014-07-14 14:01:06,Europe,34
20140714140106,2014-07-14 14:01:06,Africa,3
20140714140106,2014-07-14 14:01:06,Asia & Australasia,52
20140714140106,2014-07-14 14:01:06,North America,4
20140913133019,2014-09-13 13:30:19,East Midlands,9
20140913133019,2014-09-13 13:30:19,East of England,8
20140913133019,2014-09-13 13:30:19,Greater London,340
20140913133019,2014-09-13 13:30:19,North East England,6
20140913133019,2014-09-13 13:30:19,North West England,31
20140913133019,2014-09-13 13:30:19,Northern Ireland,3
20140913133019,2014-09-13 13:30:19,Scotland,67
20140913133019,2014-09-13 13:30:19,South East England,119
20140913133019,2014-09-13 13:30:19,South West England,83
20140913133019,2014-09-13 13:30:19,Wales,3
20140913133019,2014-09-13 13:30:19,West Midlands,19
20140913133019,2014-09-13 13:30:19,Yorkshire and Humber,28
20140913133019,2014-09-13 13:30:19,Republic of Ireland,11
20140913133019,2014-09-13 13:30:19,Europe,40
20140913133019,2014-09-13 13:30:19,Africa,2
20140913133019,2014-09-13 13:30:19,Asia & Australasia,56
20140913133019,2014-09-13 13:30:19,North America,4
20140913133019,2014-09-13 13:30:19,Caribbean,2
20140920035221,2014-09-20 03:52:21,East Midlands,11
20140920035221,2014-09-20 03:52:21,East of England,11
20140920035221,2014-09-20 03:52:21,Greater London,344
20140920035221,2014-09-20 03:52:21,North East England,4
20140920035221,2014-09-20 03:52:21,North West England,30
20140920035221,2014-09-20 03:52:21,Northern Ireland,2
20140920035221,2014-09-20 03:52:21,Scotland,61
20140920035221,2014-09-20 03:52:21,South East England,100
20140920035221,2014-09-20 03:52:21,South West England,75
20140920035221,2014-09-20 03:52:21,Wales,4
20140920035221,2014-09-20 03:52:21,West Midlands,21
20140920035221,2014-09-20 03:52:21,Yorkshire and Humber,29
20140920035221,2014-09-20 03:52:21,Republic of Ireland,10
20140920035221,2014-09-20 03:52:21,Europe,35
20140920035221,2014-09-20 03:52:21,Africa,2
20140920035221,2014-09-20 03:52:21,Asia & Australasia,51
20140920035221,2014-09-20 03:52:21,North America,5
20140920035221,2014-09-20 03:52:21,Central America,2
20141009124912,2014-10-09 12:49:12,East Midlands,14
20141009124912,2014-10-09 12:49:12,East of England,11
20141009124912,2014-10-09 12:49:12,Greater London,395
20141009124912,2014-10-09 12:49:12,North East England,7
20141009124912,2014-10-09 12:49:12,North West England,36
20141009124912,2014-10-09 12:49:12,Northern Ireland,2
20141009124912,2014-10-09 12:49:12,Scotland,73
20141009124912,2014-10-09 12:49:12,South East England,91
20141009124912,2014-10-09 12:49:12,South West England,78
20141009124912,2014-10-09 12:49:12,Wales,5
20141009124912,2014-10-09 12:49:12,West Midlands,23
20141009124912,2014-10-09 12:49:12,Yorkshire and Humber,41
20141009124912,2014-10-09 12:49:12,Channel Islands & Isle of Man,1
20141009124912,2014-10-09 12:49:12,Republic of Ireland,14
20141009124912,2014-10-09 12:49:12,Europe,36
20141009124912,2014-10-09 12:49:12,Africa,1
20141009124912,2014-10-09 12:49:12,Asia & Australasia,37
20141009124912,2014-10-09 12:49:12,North America,4
20141013154059,2014-10-13 15:40:59,East Midlands,12
20141013154059,2014-10-13 15:40:59,East of England,7
20141013154059,2014-10-13 15:40:59,Greater London,419
20141013154059,2014-10-13 15:40:59,North East England,5
20141013154059,2014-10-13 15:40:59,North West England,33
20141013154059,2014-10-13 15:40:59,Northern Ireland,2
20141013154059,2014-10-13 15:40:59,Scotland,73
20141013154059,2014-10-13 15:40:59,South East England,93
20141013154059,2014-10-13 15:40:59,South West England,83
20141013154059,2014-10-13 15:40:59,Wales,7
20141013154059,2014-10-13 15:40:59,West Midlands,26
20141013154059,2014-10-13 15:40:59,Yorkshire and Humber,33
20141013154059,2014-10-13 15:40:59,Channel Islands & Isle of Man,2
20141013154059,2014-10-13 15:40:59,Republic of Ireland,15
20141013154059,2014-10-13 15:40:59,Europe,37
20141013154059,2014-10-13 15:40:59,Africa,1
20141013154059,2014-10-13 15:40:59,Asia & Australasia,42
20141013154059,2014-10-13 15:40:59,North America,3
20141021054752,2014-10-21 05:47:52,East Midlands,11
20141021054752,2014-10-21 05:47:52,East of England,3
20141021054752,2014-10-21 05:47:52,Greater London,456
20141021054752,2014-10-21 05:47:52,North East England,5
20141021054752,2014-10-21 05:47:52,North West England,30
20141021054752,2014-10-21 05:47:52,Northern Ireland,1
20141021054752,2014-10-21 05:47:52,Scotland,87
20141021054752,2014-10-21 05:47:52,South East England,100
20141021054752,2014-10-21 05:47:52,South West England,90
20141021054752,2014-10-21 05:47:52,Wales,4
20141021054752,2014-10-21 05:47:52,West Midlands,29
20141021054752,2014-10-21 05:47:52,Yorkshire and Humber,37
20141021054752,2014-10-21 05:47:52,Channel Islands & Isle of Man,2
20141021054752,2014-10-21 05:47:52,Republic of Ireland,17
20141021054752,2014-10-21 05:47:52,Europe,35
20141021054752,2014-10-21 05:47:52,Africa,1
20141021054752,2014-10-21 05:47:52,Asia & Australasia,50
20141021054752,2014-10-21 05:47:52,North America,3
20141113042929,2014-11-13 04:29:29,East Midlands,12
20141113042929,2014-11-13 04:29:29,East of England,5
20141113042929,2014-11-13 04:29:29,Greater London,466
20141113042929,2014-11-13 04:29:29,North East England,1
20141113042929,2014-11-13 04:29:29,North West England,30
20141113042929,2014-11-13 04:29:29,Scotland,86
20141113042929,2014-11-13 04:29:29,South East England,95
20141113042929,2014-11-13 04:29:29,South West England,97
20141113042929,2014-11-13 04:29:29,Wales,3
20141113042929,2014-11-13 04:29:29,West Midlands,32
20141113042929,2014-11-13 04:29:29,Yorkshire and Humber,36
20141113042929,2014-11-13 04:29:29,Channel Islands & Isle of Man,1
20141113042929,2014-11-13 04:29:29,Republic of Ireland,10
20141113042929,2014-11-13 04:29:29,Europe,33
20141113042929,2014-11-13 04:29:29,Africa,1
20141113042929,2014-11-13 04:29:29,Asia & Australasia,39
20141113042929,2014-11-13 04:29:29,North America,2
20141113042929,2014-11-13 04:29:29,Caribbean,1
20150112161925,2015-01-12 16:19:25,East Midlands,11
20150112161925,2015-01-12 16:19:25,East of England,6
20150112161925,2015-01-12 16:19:25,Greater London,377
20150112161925,2015-01-12 16:19:25,North East England,5
20150112161925,2015-01-12 16:19:25,North West England,33
20150112161925,2015-01-12 16:19:25,Northern Ireland,2
20150112161925,2015-01-12 16:19:25,Scotland,72
20150112161925,2015-01-12 16:19:25,South East England,96
20150112161925,2015-01-12 16:19:25,South West England,87
20150112161925,2015-01-12 16:19:25,Wales,10
20150112161925,2015-01-12 16:19:25,West Midlands,33
20150112161925,2015-01-12 16:19:25,Yorkshire and Humber,23
20150112161925,2015-01-12 16:19:25,Republic of Ireland,2
20150112161925,2015-01-12 16:19:25,Europe,24
20150112161925,2015-01-12 16:19:25,Africa,2
20150112161925,2015-01-12 16:19:25,Asia & Australasia,48
20150112161925,2015-01-12 16:19:25,Caribbean,3
20150206175600,2015-02-06 17:56:00,East Midlands,6
20150206175600,2015-02-06 17:56:00,East of England,6
20150206175600,2015-02-06 17:56:00,Greater London,435
20150206175600,2015-02-06 17:56:00,North East England,3
20150206175600,2015-02-06 17:56:00,North West England,28
20150206175600,2015-02-06 17:56:00,Northern Ireland,1
20150206175600,2015-02-06 17:56:00,Scotland,73
20150206175600,2015-02-06 17:56:00,South East England,131
20150206175600,2015-02-06 17:56:00,South West England,95
20150206175600,2015-02-06 17:56:00,Wales,8
20150206175600,2015-02-06 17:56:00,West Midlands,33
20150206175600,2015-02-06 17:56:00,Yorkshire and Humber,21
20150206175600,2015-02-06 17:56:00,Republic of Ireland,7
20150206175600,2015-02-06 17:56:00,Europe,16
20150206175600,2015-02-06 17:56:00,Africa,2
20150206175600,2015-02-06 17:56:00,Asia & Australasia,72
20150206175600,2015-02-06 17:56:00,Caribbean,2
20150222181808,2015-02-22 18:18:08,East Midlands,9
20150222181808,2015-02-22 18:18:08,East of England,10
20150222181808,2015-02-22 18:18:08,Greater London,428
20150222181808,2015-02-22 18:18:08,North East England,4
20150222181808,2015-02-22 18:18:08,North West England,26
20150222181808,2015-02-22 18:18:08,Northern Ireland,1
20150222181808,2015-02-22 18:18:08,Scotland,57
20150222181808,2015-02-22 18:18:08,South East England,114
20150222181808,2015-02-22 18:18:08,South West England,97
20150222181808,2015-02-22 18:18:08,Wales,7
20150222181808,2015-02-22 18:18:08,West Midlands,36
20150222181808,2015-02-22 18:18:08,Yorkshire and Humber,24
20150222181808,2015-02-22 18:18:08,Republic of Ireland,6
20150222181808,2015-02-22 18:18:08,Europe,17
20150222181808,2015-02-22 18:18:08,Africa,1
20150222181808,2015-02-22 18:18:08,Asia & Australasia,48
20150222181808,2015-02-22 18:18:08,North America,1
20150222181808,2015-02-22 18:18:08,Caribbean,2
20150304083924,2015-03-04 08:39:24,East Midlands,8
20150304083924,2015-03-04 08:39:24,East of England,11
20150304083924,2015-03-04 08:39:24,Greater London,378
20150304083924,2015-03-04 08:39:24,North East England,4
20150304083924,2015-03-04 08:39:24,North West England,32
20150304083924,2015-03-04 08:39:24,Northern Ireland,1
20150304083924,2015-03-04 08:39:24,Scotland,48
20150304083924,2015-03-04 08:39:24,South East England,102
20150304083924,2015-03-04 08:39:24,South West England,93
20150304083924,2015-03-04 08:39:24,Wales,7
20150304083924,2015-03-04 08:39:24,West Midlands,36
20150304083924,2015-03-04 08:39:24,Yorkshire and Humber,26
20150304083924,2015-03-04 08:39:24,Republic of Ireland,7
20150304083924,2015-03-04 08:39:24,Europe,18
20150304083924,2015-03-04 08:39:24,Africa,1
20150304083924,2015-03-04 08:39:24,Asia & Australasia,36
20150304083924,2015-03-04 08:39:24,North America,1
20150304083924,2015-03-04 08:39:24,Caribbean,3
20150325055307,2015-03-25 05:53:07,East Midlands,11
20150325055307,2015-03-25 05:53:07,East of England,13
20150325055307,2015-03-25 05:53:07,Greater London,419
20150325055307,2015-03-25 05:53:07,North East England,5
20150325055307,2015-03-25 05:53:07,North West England,49
20150325055307,2015-03-25 05:53:07,Northern Ireland,4
20150325055307,2015-03-25 05:53:07,Scotland,59
20150325055307,2015-03-25 05:53:07,South East England,118
20150325055307,2015-03-25 05:53:07,South West England,118
20150325055307,2015-03-25 05:53:07,Wales,11
20150325055307,2015-03-25 05:53:07,West Midlands,36
20150325055307,2015-03-25 05:53:07,Yorkshire and Humber,35
20150325055307,2015-03-25 05:53:07,Republic of Ireland,8
20150325055307,2015-03-25 05:53:07,Europe,24
20150325055307,2015-03-25 05:53:07,Asia & Australasia,31
20150325055307,2015-03-25 05:53:07,Caribbean,3
20150408071741,2015-04-08 07:17:41,East Midlands,11
20150408071741,2015-04-08 07:17:41,East of England,15
20150408071741,2015-04-08 07:17:41,Greater London,448
20150408071741,2015-04-08 07:17:41,North East England,6
20150408071741,2015-04-08 07:17:41,North West England,56
20150408071741,2015-04-08 07:17:41,Northern Ireland,4
20150408071741,2015-04-08 07:17:41,Scotland,65
20150408071741,2015-04-08 07:17:41,South East England,114
20150408071741,2015-04-08 07:17:41,South West England,142
20150408071741,2015-04-08 07:17:41,Wales,12
20150408071741,2015-04-08 07:17:41,West Midlands,38
20150408071741,2015-04-08 07:17:41,Yorkshire and Humber,32
20150408071741,2015-04-08 07:17:41,Channel Islands & Isle of Man,1
20150408071741,2015-04-08 07:17:41,Republic of Ireland,10
20150408071741,2015-04-08 07:17:41,Europe,16
20150408071741,2015-04-08 07:17:41,Asia & Australasia,31
20150408071741,2015-04-08 07:17:41,Caribbean,5
20150428035217,2015-04-28 03:52:17,East Midlands,12
20150428035217,2015-04-28 03:52:17,East of England,13
20150428035217,2015-04-28 03:52:17,Greater London,432
20150428035217,2015-04-28 03:52:17,North East England,4
20150428035217,2015-04-28 03:52:17,North West England,56
20150428035217,2015-04-28 03:52:17,Northern Ireland,1
20150428035217,2015-04-28 03:52:17,Scotland,73
20150428035217,2015-04-28 03:52:17,South East England,72
20150428035217,2015-04-28 03:52:17,South West England,110
20150428035217,2015-04-28 03:52:17,Wales,8
20150428035217,2015-04-28 03:52:17,West Midlands,39
20150428035217,2015-04-28 03:52:17,Yorkshire and Humber,27
20150428035217,2015-04-28 03:52:17,Republic of Ireland,12
20150428035217,2015-04-28 03:52:17,Europe,19
20150428035217,2015-04-28 03:52:17,Asia & Australasia,40
20150428035217,2015-04-28 03:52:17,North America,4
20150428035217,2015-04-28 03:52:17,Caribbean,4
20150607144851,2015-06-07 14:48:51,East Midlands,19
20150607144851,2015-06-07 14:48:51,East of England,16
20150607144851,2015-06-07 14:48:51,Greater London,402
20150607144851,2015-06-07 14:48:51,North East England,9
20150607144851,2015-06-07 14:48:51,North West England,42
20150607144851,2015-06-07 14:48:51,Northern Ireland,2
20150607144851,2015-06-07 14:48:51,Scotland,77
20150607144851,2015-06-07 14:48:51,South East England,112
20150607144851,2015-06-07 14:48:51,South West England,90
20150607144851,2015-06-07 14:48:51,Wales,9
20150607144851,2015-06-07 14:48:51,West Midlands,52
20150607144851,2015-06-07 14:48:51,Yorkshire and Humber,29
20150607144851,2015-06-07 14:48:51,Republic of Ireland,10
20150607144851,2015-06-07 14:48:51,Europe,12
20150607144851,2015-06-07 14:48:51,Asia & Australasia,12
20150607144851,2015-06-07 14:48:51,North America,24
20150607144851,2015-06-07 14:48:51,Caribbean,1
20150629125825,2015-06-29 12:58:25,East Midlands,18
20150629125825,2015-06-29 12:58:25,East of England,22
20150629125825,2015-06-29 12:58:25,Greater London,428
20150629125825,2015-06-29 12:58:25,North East England,8
20150629125825,2015-06-29 12:58:25,North West England,49
20150629125825,2015-06-29 12:58:25,Northern Ireland,2
20150629125825,2015-06-29 12:58:25,Scotland,93
20150629125825,2015-06-29 12:58:25,South East England,116
20150629125825,2015-06-29 12:58:25,South West England,100
20150629125825,2015-06-29 12:58:25,Wales,9
20150629125825,2015-06-29 12:58:25,West Midlands,51
20150629125825,2015-06-29 12:58:25,Yorkshire and Humber,34
20150629125825,2015-06-29 12:58:25,Channel Islands & Isle of Man,1
20150629125825,2015-06-29 12:58:25,Republic of Ireland,21
20150629125825,2015-06-29 12:58:25,Europe,21
20150629125825,2015-06-29 12:58:25,Africa,1
20150629125825,2015-06-29 12:58:25,Asia & Australasia,19
20150629125825,2015-06-29 12:58:25,North America,15
20150717231642,2015-07-17 23:16:42,East Midlands,16
20150717231642,2015-07-17 23:16:42,East of England,20
20150717231642,2015-07-17 23:16:42,Greater London,350
20150717231642,2015-07-17 23:16:42,North East England,7
20150717231642,2015-07-17 23:16:42,North West England,54
20150717231642,2015-07-17 23:16:42,Northern Ireland,5
20150717231642,2015-07-17 23:16:42,Scotland,78
20150717231642,2015-07-17 23:16:42,South East England,115
20150717231642,2015-07-17 23:16:42,South West England,99
20150717231642,2015-07-17 23:16:42,Wales,8
20150717231642,2015-07-17 23:16:42,West Midlands,38
20150717231642,2015-07-17 23:16:42,Yorkshire and Humber,33
20150717231642,2015-07-17 23:16:42,Channel Islands & Isle of Man,2
20150717231642,2015-07-17 23:16:42,Republic of Ireland,6
20150717231642,2015-07-17 23:16:42,Europe,18
20150717231642,2015-07-17 23:16:42,Asia & Australasia,23
20150717231642,2015-07-17 23:16:42,North America,26
20150717231642,2015-07-17 23:16:42,Caribbean,4
20150719151952,2015-07-19 15:19:52,East Midlands,16
20150719151952,2015-07-19 15:19:52,East of England,18
20150719151952,2015-07-19 15:19:52,Greater London,348
20150719151952,2015-07-19 15:19:52,North East England,5
20150719151952,2015-07-19 15:19:52,North West England,53
20150719151952,2015-07-19 15:19:52,Northern Ireland,4
20150719151952,2015-07-19 15:19:52,Scotland,73
20150719151952,2015-07-19 15:19:52,South East England,116
20150719151952,2015-07-19 15:19:52,South West England,96
20150719151952,2015-07-19 15:19:52,Wales,6
20150719151952,2015-07-19 15:19:52,West Midlands,39
20150719151952,2015-07-19 15:19:52,Yorkshire and Humber,36
20150719151952,2015-07-19 15:19:52,Channel Islands & Isle of Man,2
20150719151952,2015-07-19 15:19:52,Republic of Ireland,3
20150719151952,2015-07-19 15:19:52,Europe,18
20150719151952,2015-07-19 15:19:52,Asia & Australasia,23
20150719151952,2015-07-19 15:19:52,North America,24
20150719151952,2015-07-19 15:19:52,Caribbean,4
20150808014506,2015-08-08 01:45:06,East Midlands,14
20150808014506,2015-08-08 01:45:06,East of England,13
20150808014506,2015-08-08 01:45:06,Greater London,407
20150808014506,2015-08-08 01:45:06,North East England,5
20150808014506,2015-08-08 01:45:06,North West England,52
20150808014506,2015-08-08 01:45:06,Northern Ireland,4
20150808014506,2015-08-08 01:45:06,Scotland,78
20150808014506,2015-08-08 01:45:06,South East England,135
20150808014506,2015-08-08 01:45:06,South West England,91
20150808014506,2015-08-08 01:45:06,Wales,6
20150808014506,2015-08-08 01:45:06,West Midlands,39
20150808014506,2015-08-08 01:45:06,Yorkshire and Humber,39
20150808014506,2015-08-08 01:45:06,Channel Islands & Isle of Man,1
20150808014506,2015-08-08 01:45:06,Republic of Ireland,7
20150808014506,2015-08-08 01:45:06,Europe,17
20150808014506,2015-08-08 01:45:06,Asia & Australasia,50
20150808014506,2015-08-08 01:45:06,North America,15
20150808014506,2015-08-08 01:45:06,Caribbean,5
20150809071628,2015-08-09 07:16:28,East Midlands,13
20150809071628,2015-08-09 07:16:28,East of England,13
20150809071628,2015-08-09 07:16:28,Greater London,403
20150809071628,2015-08-09 07:16:28,North East England,5
20150809071628,2015-08-09 07:16:28,North West England,49
20150809071628,2015-08-09 07:16:28,Northern Ireland,4
20150809071628,2015-08-09 07:16:28,Scotland,76
20150809071628,2015-08-09 07:16:28,South East England,130
20150809071628,2015-08-09 07:16:28,South West England,85
20150809071628,2015-08-09 07:16:28,Wales,6
20150809071628,2015-08-09 07:16:28,West Midlands,37
20150809071628,2015-08-09 07:16:28,Yorkshire and Humber,39
20150809071628,2015-08-09 07:16:28,Channel Islands & Isle of Man,1
20150809071628,2015-08-09 07:16:28,Republic of Ireland,7
20150809071628,2015-08-09 07:16:28,Europe,17
20150809071628,2015-08-09 07:16:28,Asia & Australasia,45
20150809071628,2015-08-09 07:16:28,North America,15
20150809071628,2015-08-09 07:16:28,Caribbean,5
20150909094700,2015-09-09 09:47:00,East Midlands,16
20150909094700,2015-09-09 09:47:00,East of England,12
20150909094700,2015-09-09 09:47:00,Greater London,377
20150909094700,2015-09-09 09:47:00,North East England,9
20150909094700,2015-09-09 09:47:00,North West England,66
20150909094700,2015-09-09 09:47:00,Northern Ireland,3
20150909094700,2015-09-09 09:47:00,Scotland,70
20150909094700,2015-09-09 09:47:00,South East England,111
20150909094700,2015-09-09 09:47:00,South West England,83
20150909094700,2015-09-09 09:47:00,Wales,9
20150909094700,2015-09-09 09:47:00,West Midlands,36
20150909094700,2015-09-09 09:47:00,Yorkshire and Humber,40
20150909094700,2015-09-09 09:47:00,Channel Islands & Isle of Man,1
20150909094700,2015-09-09 09:47:00,Republic of Ireland,31
20150909094700,2015-09-09 09:47:00,Europe,18
20150909094700,2015-09-09 09:47:00,Asia & Australasia,44
20150909094700,2015-09-09 09:47:00,North America,18
20150918131829,2015-09-18 13:18:29,East Midlands,12
20150918131829,2015-09-18 13:18:29,East of England,14
20150918131829,2015-09-18 13:18:29,Greater London,388
20150918131829,2015-09-18 13:18:29,North East England,14
20150918131829,2015-09-18 13:18:29,North West England,67
20150918131829,2015-09-18 13:18:29,Northern Ireland,2
20150918131829,2015-09-18 13:18:29,Scotland,74
20150918131829,2015-09-18 13:18:29,South East England,128
20150918131829,2015-09-18 13:18:29,South West England,102
20150918131829,2015-09-18 13:18:29,Wales,9
20150918131829,2015-09-18 13:18:29,West Midlands,38
20150918131829,2015-09-18 13:18:29,Yorkshire and Humber,39
20150918131829,2015-09-18 13:18:29,Channel Islands & Isle of Man,3
20150918131829,2015-09-18 13:18:29,Republic of Ireland,14
20150918131829,2015-09-18 13:18:29,Europe,18
20150918131829,2015-09-18 13:18:29,Asia & Australasia,45
20150918131829,2015-09-18 13:18:29,North America,21
20151007173512,2015-10-07 17:35:12,East Midlands,13
20151007173512,2015-10-07 17:35:12,East of England,18
20151007173512,2015-10-07 17:35:12,Greater London,397
20151007173512,2015-10-07 17:35:12,North East England,17
20151007173512,2015-10-07 17:35:12,North West England,64
20151007173512,2015-10-07 17:35:12,Northern Ireland,5
20151007173512,2015-10-07 17:35:12,Scotland,74
20151007173512,2015-10-07 17:35:12,South East England,135
20151007173512,2015-10-07 17:35:12,South West England,116
20151007173512,2015-10-07 17:35:12,Wales,11
20151007173512,2015-10-07 17:35:12,West Midlands,42
20151007173512,2015-10-07 17:35:12,Yorkshire and Humber,34
20151007173512,2015-10-07 17:35:12,Channel Islands & Isle of Man,7
20151007173512,2015-10-07 17:35:12,Republic of Ireland,14
20151007173512,2015-10-07 17:35:12,Europe,23
20151007173512,2015-10-07 17:35:12,Africa,2
20151007173512,2015-10-07 17:35:12,Asia & Australasia,32
20151007173512,2015-10-07 17:35:12,North America,13
20151013094635,2015-10-13 09:46:35,East Midlands,17
20151013094635,2015-10-13 09:46:35,East of England,23
20151013094635,2015-10-13 09:46:35,Greater London,397
20151013094635,2015-10-13 09:46:35,North East England,21
20151013094635,2015-10-13 09:46:35,North West England,64
20151013094635,2015-10-13 09:46:35,Northern Ireland,8
20151013094635,2015-10-13 09:46:35,Scotland,81
20151013094635,2015-10-13 09:46:35,South East England,132
20151013094635,2015-10-13 09:46:35,South West England,119
20151013094635,2015-10-13 09:46:35,Wales,14
20151013094635,2015-10-13 09:46:35,West Midlands,47
20151013094635,2015-10-13 09:46:35,Yorkshire and Humber,39
20151013094635,2015-10-13 09:46:35,Channel Islands & Isle of Man,7
20151013094635,2015-10-13 09:46:35,Republic of Ireland,14
20151013094635,2015-10-13 09:46:35,Europe,23
20151013094635,2015-10-13 09:46:35,Africa,2
20151013094635,2015-10-13 09:46:35,Asia & Australasia,31
20151013094635,2015-10-13 09:46:35,North America,12
